{"cameraMode":{"drawMode":0,"name":"Shaded","section":"Shading Mode"},"sceneLighting":true,"audioPlay":false,"sceneViewState":{"m_AlwaysRefresh":false,"showFog":true,"showSkybox":true,"showFlares":true,"showImageEffects":true,"showParticleSystems":true,"showVisualEffectGraphs":true,"m_FxEnabled":true},"in2DMode":false,"pivot":{"x":0.35104799270629885,"y":1.4375216960906983,"z":-8.598687171936036},"rotation":{"x":0.016476698219776155,"y":0.0524694100022316,"z":-0.0008633495890535414,"w":0.9984926581382752},"size":4.287398338317871,"orthographic":true}