{"cameraMode":{"drawMode":0,"name":"Shaded","section":"Shading Mode"},"sceneLighting":true,"audioPlay":false,"sceneViewState":{"m_AlwaysRefresh":false,"showFog":true,"showSkybox":true,"showFlares":true,"showImageEffects":true,"showParticleSystems":true,"showVisualEffectGraphs":true,"m_FxEnabled":true},"in2DMode":false,"pivot":{"x":10.03475570678711,"y":4.199718952178955,"z":-2.3478646278381349},"rotation":{"x":0.1685076504945755,"y":-0.04581837356090546,"z":0.007841016165912152,"w":0.9846060276031494},"size":15.517657279968262,"orthographic":true}