{"cameraMode":{"drawMode":0,"name":"Shaded","section":"Shading Mode"},"sceneLighting":true,"audioPlay":false,"sceneViewState":{"m_AlwaysRefresh":false,"showFog":true,"showSkybox":true,"showFlares":true,"showImageEffects":true,"showParticleSystems":true,"showVisualEffectGraphs":true,"m_FxEnabled":true},"in2DMode":false,"pivot":{"x":12.297950744628907,"y":1.6696722507476807,"z":-1.6937403678894044},"rotation":{"x":0.04352625459432602,"y":-0.11067116260528565,"z":0.004851383622735739,"w":0.992894172668457},"size":5.80557107925415,"orthographic":true}