{"cameraMode":{"drawMode":0,"name":"Shaded","section":"Shading Mode"},"sceneLighting":true,"audioPlay":false,"sceneViewState":{"m_AlwaysRefresh":false,"showFog":true,"showSkybox":true,"showFlares":true,"showImageEffects":true,"showParticleSystems":true,"showVisualEffectGraphs":true,"m_FxEnabled":true},"in2DMode":false,"pivot":{"x":2.317466974258423,"y":2.25925874710083,"z":-9.984213829040528},"rotation":{"x":-0.016499241814017297,"y":-0.002999513875693083,"z":-0.00004949090725858696,"w":0.9998607039451599},"size":8.15536117553711,"orthographic":true}