{"cameraMode":{"drawMode":0,"name":"Shaded","section":"Shading Mode"},"sceneLighting":true,"audioPlay":false,"sceneViewState":{"m_AlwaysRefresh":false,"showFog":true,"showSkybox":true,"showFlares":true,"showImageEffects":true,"showParticleSystems":true,"showVisualEffectGraphs":true,"m_FxEnabled":true},"in2DMode":false,"pivot":{"x":10.03475570678711,"y":4.199718952178955,"z":-2.3478646278381349},"rotation":{"x":0.05803566798567772,"y":-0.12099400907754898,"z":0.007086240686476231,"w":0.9909303784370422},"size":5.163200855255127,"orthographic":true}