{"cameraMode":{"drawMode":0,"name":"Shaded","section":"Shading Mode"},"sceneLighting":false,"audioPlay":false,"sceneViewState":{"m_AlwaysRefresh":false,"showFog":true,"showSkybox":false,"showFlares":true,"showImageEffects":true,"showParticleSystems":true,"showVisualEffectGraphs":true,"m_FxEnabled":true},"in2DMode":false,"pivot":{"x":1182.052490234375,"y":509.0347900390625,"z":55.073333740234378},"rotation":{"x":0.15890173614025117,"y":-0.30745360255241396,"z":0.05208301171660423,"w":0.936809241771698},"size":131.46681213378907,"orthographic":true}